"Numer zezwolenia","Nazwa firmy","Kod pocztowy",Miejscowość,Adres,Województwo,"Data ważności"
218/22,"Browar Wrzos Dominik Dembiński",43-450,Ustroń,"ul. dr Michała Grażyńskiego 23","WOJ. ŚLĄSKIE",2023-09-30
223/22,"""STOCK POLSKA""   Spółka z ograniczoną odpowiedzialnością",20-402,Lublin,"ul. Spółdzielcza 6","WOJ. LUBELSKIE",2023-09-30
224/22,"AN.KA WINES   Spółka z ograniczoną odpowiedzialnością",05-082,"Stare Babice, Blizne Łaszczyńskiego","ul. Batalionów Chłopskich 114","WOJ. MAZOWIECKIE",2023-09-15
226/22,"Breslauer Spirits Spółka z ograniczoną odpowiedzialnością",53-234,Wrocław,"ul. Grabiszyńska 235","WOJ. DOLNOŚLĄSKIE",2023-09-05
228/22,"""GRUPA CHORTEN""  Spółka z ograniczoną odpowiedzialnością",16-070,"Choroszcz, Łyski","ul. Usługowa 2","WOJ. PODLASKIE",2023-09-30
229/22,"EUROCASH SERWIS  Spółka z ograniczoną odpowiedzialnością",62-052,Komorniki,"ul. Wiśniowa 11","WOJ. WIELKOPOLSKIE",2023-09-30
231/22,"Monika Atamańczuk ""Mały Kogut""",70-477,Szczecin,"Al. Wojska Polskiego 56/56","WOJ. ZACHODNIOPOMORSKIE",2023-10-01
232/22,"HETMAN UA Spółka z ograniczoną odpowiedzialnością",35-105,Rzeszów,"ul. Przemysłowa 6","WOJ. PODKARPACKIE",2023-09-01
233/22,"SIGMA-HURT Spółka  z ograniczoną odpowiedzialnością",80-299,Gdańsk,"ul. Wodnika 50","WOJ. POMORSKIE",2023-09-30
235/22,"AZERSMAK Spółka z ograniczoną odpowiedzialnością",00-666,Warszawa,"ul. Stanisława Noakowskiego 16/LU1","WOJ. MAZOWIECKIE",2023-09-30
236/22,"""ROZTOCZE""  Mieczysław, Marek i Tomasz Szaluś   Spółka Jawna  Hurtownia Piwa, Wina i Napojów Chłodzących",22-600,"Tomaszów Lubelski","ul. Lwowska   126 H ","WOJ. LUBELSKIE",2023-09-09
237/22,"""SPOŁEM"" Powszechna Spółdzielnia Spożywców ""ZGODA"" w Płocku",09-402,Płock,"ul. Sienkiewicza 32","WOJ. MAZOWIECKIE",2023-09-17
238/22,"LIDER-POLKA Spółka z ograniczoną odpowiedzialnością",32-020,Wieliczka,"Sygneczów 1/1","WOJ. MAŁOPOLSKIE",2023-09-19
239/22,"""STAMPOL-TRADE STANKIEWICZ""  Spółka Komandytowa",24-300,"Opole Lubelskie","ul. Przemysłowa 42","WOJ. LUBELSKIE",2023-09-30
240/22,"Dariusz Gustab Agencja Reklamy i Promocji Everest",58-303,Wałbrzych,"ul. Niepodległości 114","WOJ. DOLNOŚLĄSKIE",2023-09-09
241/22,"100 TON Spółka z ograniczoną odpowiedzialnością",00-019,Warszawa,"ul. Złota 7/18","WOJ. MAZOWIECKIE",2023-09-09
242/22,"PRIMA SERWIS SZCZECIN  Spółka z ograniczoną odpowiedzialnością   Spółka Komandytowa",70-846,Szczecin,"ul. Kniewska 2 k ","WOJ. ZACHODNIOPOMORSKIE",2023-09-30
243/22,"Patrona Zabatani - Spółka z ograniczoną odpowiedzialnością",42-504,Będzin,"ul. Dąbrowska 207","WOJ. ŚLĄSKIE",2023-10-01
244/22,"PMP  Wino Serwis  Spółka z ograniczoną odpowiedzialnością",47-303,Krapkowice,"ul. Kilińskiego    1","WOJ. OPOLSKIE",2023-09-30
245/22,"LE BARBATELLE Spółka z ograniczoną odpowiedzialnoscią",00-837,Warszawa,"ul. Pańska 98/101","WOJ. MAZOWIECKIE",2023-10-01
246/22,"ARMSPIRIT Spółka z ograniczoną odpowiedzialnością",53-622,Wrocław,"ul. Zachodnia  50/22","WOJ. DOLNOŚLĄSKIE",2023-10-02
247/22,"ML SPIRITS  Spółka z ograniczoną odpowiedzialnością",40-074,Katowice,"ul. Marcina Szeligiewicza 2/3","WOJ. ŚLĄSKIE",2023-09-13
248/22,"""ICE-FULL DYSTRYBUCJA""    Spółka z ograniczoną odpowiedzialnością",97-200,"Tomaszów Mazowiecki","ul. Główna 71 ","WOJ. ŁÓDZKIE",2023-09-30
249/22,"Alkohole Kraftowe Spółka z ograniczoną odpowiedzialnością",08-200," Łosice","ul. Leśna 10A","WOJ. MAZOWIECKIE",2023-10-02
250/22,"""DINO POLSKA""  Spółka Akcyjna",63-700,Krotoszyn,"ul. Ostrowska 122 ","WOJ. WIELKOPOLSKIE",2023-11-01
251/22,"Monard Dorota Rutkowska",73-108,Kobylanka,"ul. Osiedle Zalesie 76","WOJ. ZACHODNIOPOMORSKIE",2023-10-03
252/22,"Przedsiębiorstwo Usługowo - Handlowe  ""CHEMIROL""   Spółka z ograniczoną odpowiedzialnością",88-300,Mogilno,"ul. Przemysłowa 3 ","WOJ. KUJAWSKO-POMORSKIE",2023-10-31
253/22,"DMS BARRELS Spółka z ograniczoną odpowiedzialnością",15-501,Białystok,"ul. Baranowicka 117","WOJ. PODLASKIE",2023-10-07
254/22,"Przedsiębiorstwo Wielobranżowe ""REGO""  Włodzimierz  Stefaniak",62-510,Konin,"ul. Ślesińska  23 B ","WOJ. WIELKOPOLSKIE",2023-09-30
255/22,"HALIMAR Spółka z ograniczoną odpowiedzialnością",87-800,Włocławek,"ul. Barska 14","WOJ. KUJAWSKO-POMORSKIE",2023-10-31
256/22,"BZK ALCO Spółka Akcyjna",01-303,Warszawa,"ul. Połczyńska 97 A","WOJ. MAZOWIECKIE",2023-10-31
257/22,"TUDOR  HOUSE  Ltd.   Spółka z ograniczoną odpowiedzialnością",02-856,Warszawa,"ul. Ludwinowska  1/37 ","WOJ. MAZOWIECKIE",2023-10-14
258/22,"Winnice Jaworek Spółka z ograniczoną odpowiedzialnością",55-330,Miękinia,"ul. Kościuszki 48A","WOJ. DOLNOŚLĄSKIE",2023-10-14
259/22,"DAILYFRUITS Spółka Cywilna Bartosz Krudysz, Jacek Kwiecień",02-495,Warszawa,"ul. Posag 7 Panien 1A","WOJ. MAZOWIECKIE",2023-09-30
260/22,"Gospodarstwo Rolne ""Winnica Kudla""  Tomasz Kudla",62-080,"Tarnowo Podgórne, Jankowice","ul. Ogrodowa 12","WOJ. WIELKOPOLSKIE",2023-09-30
261/22,"GO2 WORK Spółka  z ograniczoną odpowiedzialnością",50-062,"Wrocław ","Pl. Solny 14/3","WOJ. DOLNOŚLĄSKIE",2023-09-30
262/22,"ALKOSWIAT Spółka z ograniczoną odpowiedzialnością",43-300,Bielsko-Biała,"ul. Wincentego Witosa 170","WOJ. ŚLĄSKIE",2023-09-30
263/22,"Przedsiębiorstwo Handlowo-Usługowe JANIAK Spółka Jawna",62-800,Kalisz,"ul. Piwonicka 1 C","WOJ. WIELKOPOLSKIE",2023-10-14
264/22,"Przedsiębiorstwo Produkcyjno-Handlowe   ""ZDRÓJ""   Eugeniusz Owczarczyk",08-450,Łaskarzew,"Stary Pilczyn 30 ","WOJ. MAZOWIECKIE",2023-10-11
265/22,"Europejski Alians Spirytusowy Spółka z ograniczoną odpowiedzialnością",30-390,Kraków,"ul. Zawiła 61","WOJ. MAŁOPOLSKIE",2023-10-04
266/22,"Hurtownia ""KIM"" Kazimierz Krzemiński, Marek Krzemiński, Andrzej Chrząszcz  Spólka Jawna",28-100,Busko-Zdrój,"ul. Bohaterów Warszawy 106","WOJ. ŚWIĘTOKRZYSKIE",2023-09-26
267/22,"P.P.U.H.  ""WARMET""  Spółka z ograniczoną odpowiedzialnością",07-130,Łochów,"Al. Łochowska 4 ","WOJ. MAZOWIECKIE",2023-10-16
268/22,"SILESIA DISTILLERY Spółka z ograniczoną odpowiedzialnością",41-403,"Chełm Śląski","ul. Ludowa 6","WOJ. ŚLĄSKIE",2023-10-14
269/22,"ALCO-TRADE Spółka z ograniczoną odpowiedzialnością",62-230,Witkowo,"Kołaczkowo 9 ","WOJ. WIELKOPOLSKIE",2023-10-31
270/22,"EKORIV Spółka z ograniczoną odpowiedzialnością",35-314,Rzeszów,"ul. Miła 29E/lok.8","WOJ. PODKARPACKIE",2023-10-02
271/22,"ACTIVE HOTEL SERVICE Spółka z ograniczoną odpowiedzialnością",51-422,Wrocław,"ul. Czajcza 19","WOJ. DOLNOŚLĄSKIE",2023-09-30
272/22,"MOJA GRUZJA Spółka z ograniczoną odpowiedzialnością",80-460,Gdańsk,"ul. Pilotów 3/lok. 6","WOJ. POMORSKIE",2023-10-07
273/22,"MAG DYSTRYBUCJA  Spółka z ograniczoną odpowiedzialnością Spółka komandytowa",10-467,Olsztyn,"ul.Sprzętowa 2 ","WOJ. WARMIŃSKO-MAZURSKIE",2023-10-03
274/22,"CANNABOTANIQUE Spółka z ograniczoną odpowiedzialnością",01-211,Warszawa,"ul. Giełdowa 4E/59","WOJ. MAZOWIECKIE",2023-10-15
275/22,"PINOT   Spółka z ograniczoną odpowiedzialnością    Spółka komandytowa",90-106,Łódź,"ul. Traugutta 5 ","WOJ. ŁÓDZKIE",2023-10-24
276/22,"ŻABKA POLSKA Spółka z ograniczoną odpowiedzialnością",61-586,Poznań,"ul. Stanisława Matyi 8","WOJ. WIELKOPOLSKIE",2023-10-22
277/22,"SLAVIC SPIRITS  Spółka z ograniczoną odpowiedzialnością",94-011,Łódź,"ul. Wileńska  44A/28","WOJ. ŁÓDZKIE",2023-10-19
278/22,"MARUSZEWSCY Spółka z ograniczoną odpowiedzialnoscią",61-707,Poznań,"ul. Karola Libelta 27","WOJ. WIELKOPOLSKIE",2023-10-14
279/22,"PPHU ""MORITZ"" Marek Różycki",43-190,Mikołów,"ul. Rybnicka 43","WOJ. ŚLĄSKIE",2023-12-31
280/22,"IQO INWESTYCJE Spółka z ograniczoną odpowiedzialnością",21-003,Dys,"ul. Dolina Ciemięgi 9","WOJ. LUBELSKIE",2023-10-31
281/22,"APREZ Spółka z ograniczoną odpowiedzialnoscią",02-973,Warszawa,"ul. Adama Branickiego 11/54","WOJ. MAZOWIECKIE",2023-10-14
282/22,"Przedsiębiorstwo Handlowo-Usługowe ""KORTALS"" Dariusz  Kortals",84-120,Władysławowo,"ul. Gdańska 10","WOJ. POMORSKIE",2023-11-08
283/22,"FUNDACJA BONI MORES",64-316,Kuślin,"Dąbrowa 44","WOJ. WIELKOPOLSKIE",2023-10-31
284/22,"Mikrogorzelnia Spółka z ograniczoną odpowiedzialnością",04-987,Warszawa,"Wał Miedzeszyński 131B","WOJ. MAZOWIECKIE",2023-11-30
285/22,"""ALMES""  Spółka z ograniczoną odpowiedzialnością",00-043,Warszawa,"ul. Tadeusza Czackiego 3/5/126","WOJ. MAZOWIECKIE",2023-10-31
286/22,"TOP WINA ŚWIATA Spółka z ograniczoną odpowiedzialnością Spółka Komandytowa",78-100,Kołobrzeg,"ul. Grzybowska 25F","WOJ. ZACHODNIOPOMORSKIE",2023-10-20
287/22,"Hurtownia ""MIRAX"" Hurt Detal Mirosław Hernik",26-660,Jedlińsk,"Bierwiecka Wola 40 A","WOJ. MAZOWIECKIE",2023-10-16
288/22,"PREMIUM Spółka Cywilna Dariusz Kostko, Karol Wojciechowski",15-776,Białystok,"ul. Konstytucji 3 Maja 24/9","WOJ. PODLASKIE",2023-10-30
289/22,"MONOLITH POLSKA Spółka z ograniczoną odpowiedzialnością",60-312,Poznań,"ul. Grunwaldzka 67","WOJ. WIELKOPOLSKIE",2023-10-31
290/22,"""STOKROTKA""  Spółka z ograniczoną odpowiedzialnością",20-209,Lublin,"ul. Projektowa 1 ","WOJ. LUBELSKIE",2023-11-14
291/22,"DĘBOWA POLSKA Spółka z ograniczoną odpowiedzialnością Spółka Komandytowa",64-212,Siedlec,"ul. Wolsztyńska 56 ","WOJ. WIELKOPOLSKIE",2023-12-31
292/22,"""SCAWAR""    Spółka z ograniczoną odpowiedzialnością",02-231,Warszawa,"ul. Jutrzenki  137 ","WOJ. MAZOWIECKIE",2023-11-01
293/22,"TOTAL-HANDEL  Spółka z ograniczoną odpowiedzialnością",83-200,"Starogard Gdański","ul. Droga Owidzka 1 ","WOJ. POMORSKIE",2023-11-14
294/22,"Ocean King Polska Spółka z ograniczoną odpowiedzialnością",42-208,Częstochowa,"ul. Bugajska 37","WOJ. ŚLĄSKIE",2023-10-18
295/22,"OL PIW PAWEŁ OLSZEWSKI SPÓŁKA JAWNA",26-050,ZAGNAŃSK,"KIELECKA 3/18","WOJ. ŚWIĘTOKRZYSKIE",2023-11-21
296/22,"Przedsiębiorstwo Handlowo-Usługowe   ""DYSTRYBUCJA""  Spółka z ograniczoną odpowiedzialnością",00-144,Warszawa,"Al. Solidarności 84 ","WOJ. MAZOWIECKIE",2023-10-20
297/22,"Jan Potocki ""Tasman Doradztwo Gospodarcze""",00-067,Warszawa,"ul. Romualda Traugutta 3/38","WOJ. MAZOWIECKIE",2023-10-23
298/22,"PRIME BRANDS  Spółka z ograniczoną odpowiedzialnością",70-784,Szczecin,"ul. Andrzeja Struga 61 ","WOJ. ZACHODNIOPOMORSKIE",2023-11-02
299/22,"Przedsiębiorstwo Handlowo - Usługowe   ""MARCO""   Spółka z ograniczoną odpowiedzialnością",04-443,Warszawa,"ul. Ignacego Paderewskiego 108 A ","WOJ. MAZOWIECKIE",2023-12-05
300/22,"Polskie Likiery Wanda Bojarska",42-271,Częstochowa,"ul. Wilgowa 67","WOJ. ŚLĄSKIE",2023-11-30
301/22,"PHUP GNIEZNO SZESZYCKI  Spółka Komandytowa",62-200,Gniezno,"ul. Orcholska 41 ","WOJ. WIELKOPOLSKIE",2023-11-14
302/22,"Centrum Owoców i Warzyw   ""AWOKADO""   Mariola Borek",06-100,Pułtusk,"ul. Adama Mickiewicza 37c ","WOJ. MAZOWIECKIE",2023-10-31
303/22,"Pomerania Dystrybucja A.Piątek Spółka Jawna",75-241,Koszalin,"ul. Grunwaldzka 1A","WOJ. ZACHODNIOPOMORSKIE",2023-11-01
304/22,"Przedsiębiorstwo Handlowo-Usługowe  GIG  ANDRZEJ GRZYWA",32-061,"Przegina Duchowna","ul. Strażaków 5","WOJ. MAŁOPOLSKIE",2023-11-14
305/22,"Jakob Haberfeld Story Spółka z ograniczoną odpowiedzialnością",32-600,Oświęcim,"ul. Dąbrowskiego 30","WOJ. MAŁOPOLSKIE",2023-11-07
306/22,"Cargo Export Spółka z ograniczoną odpowiedzialnością",80-557,Gdańsk,"ul. Marynarki Polskiej 75","WOJ. POMORSKIE",2023-11-06
307/22,"FRISCO Spółka Akcyjna",03-840,Warszawa,"ul. Grochowska 306/308","WOJ. MAZOWIECKIE",2023-11-30
308/22,"NORTH COAST  Spółka Akcyjna",02-486,Warszawa,"Aleje Jerozolimskie 180","WOJ. MAZOWIECKIE",2023-11-24
309/22,"POLMOS BIELSKO-BIAŁA   SPÓŁKA AKCYJNA",43-316,Bielsko-Biała,"ul. Karpacka 11 ","WOJ. ŚLĄSKIE",2023-11-20
310/22,"MATEUS  Spółka z ograniczoną odpowiedzialnością",05-091,Ząbki,"ul. Kazimierza Przerwy -Tetmajera 3 ","WOJ. MAZOWIECKIE",2023-12-04
311/22,"Whisky Embassy Spółka z ograniczoną odpowiedzialnością",61-131,Poznań,"ul. Katowicka 79A/101","WOJ. WIELKOPOLSKIE",2023-11-01
312/22,"KAMRON GROUP Spółka z ograniczoną odpowiedzialnością",25-650,Kielce,"ul. Skrajna 86B","WOJ. ŚWIĘTOKRZYSKIE",2023-11-05
313/22,"Wokawit Dystrybucja  Ewa i Waldemar Woźniak  Spółka Jawna",64-810,Kaczory,"ul. Jasna 3 ","WOJ. WIELKOPOLSKIE",2023-11-24
314/22,"KK POLSKA Spółka z ograniczoną odpowiedzialnością",84-230,Rumia,"ul. Działkowców 15/lok. DOK 50-51","WOJ. POMORSKIE",2023-11-30
315/22,"ORLEN  Spółka Akcyjna",09-411,"Płock-Biała, Płock","ul. Chemików 7","WOJ. MAZOWIECKIE",2023-12-02
316/22,"JERONIMO MARTINS POLSKA  Spółka Akcyjna",62-025,Kostrzyn,"ul. Żniwna 5 ","WOJ. WIELKOPOLSKIE",2023-11-14
317/22,"MAGA Martyna Gąsiorowska",34-500,Zakopane,"ul. Podhalańska 42","WOJ. MAŁOPOLSKIE",2023-11-30
318/22,"WASABI POLAND Spóła z ograniczoną odpowiedzialnością",26-630,Jedlnia-Letnisko,"ul. Słoneczna 5B","WOJ. MAZOWIECKIE",2023-11-14
319/22,"Kujawianka Inter Spółka z ograniczoną odpowiedzialnością",85-758,Bydgoszcz,"ul. Przemysłowa 22","WOJ. KUJAWSKO-POMORSKIE",2023-11-13
320/22,"BRICK HOUSE Spółka z ograniczoną odpowiedzialnością",66-004,"Zielona Góra","ul. Racula-Głogowska 85","WOJ. LUBUSKIE",2023-11-30
321/22,"LUBAWY Spółka z ograniczoną odpowiedzialnością",32-590,Libiąż,"ul. Leśna 73","WOJ. MAŁOPOLSKIE",2023-11-14
322/22,"LOGIMP  Spółka z ograniczoną odpowiedzialnością",97-200,"Tomaszów Mazowiecki","ul. Główna 71 ","WOJ. ŁÓDZKIE",2023-12-31
323/22,"PASIEKA JAROS Spółka z ograniczoną odpowiedzialnością",97-200,"Tomaszów Mazowiecki","Łazisko 46","WOJ. ŁÓDZKIE",2023-12-09
324/22,"Przedsiębiorstwo Przemysłu Spirytusowego  ""POLMOS"" w Warszawie  Spółka Akcyjna",00-006,Warszawa,"ul. Szkolna   2/4 ","WOJ. MAZOWIECKIE",2023-12-31
325/22,"DIAGEO  POLSKA   Spółka  z  ograniczoną odpowiedzialnością",01-208,Warszawa,"ul. Przyokopowa 31 ","WOJ. MAZOWIECKIE",2023-12-31
326/22,"Piotr Szladerba CONSULTING",30-009,Kraków,"ul. Józefa Fredleina 30/1","WOJ. MAŁOPOLSKIE",2023-12-01
327/22,"""ALMA-ALPINEX""   Spółka z ograniczoną odpowiedzialnością",26-065,Piekoszów,"ul. Czarnowska 54F","WOJ. ŚWIĘTOKRZYSKIE",2023-12-09
328/22,"NALEWKIKRESOWE.PL  Stanisław Smarduch",49-200,Grodków,"ul. Wrocławska 63 ","WOJ. OPOLSKIE",2023-12-19
329/22,"Handel Detaliczny i Hurtowy, Import-Export  Krzysztof Lerch",64-400,Międzychód,"ul. Romana Ratajczaka 4","WOJ. WIELKOPOLSKIE",2023-12-14
330/22,"PRZEDSIĘBIORSTWO HANDLOWE   ""GALICJA"" MTM Ścianek  Spółka Jawna",33-300,"Nowy Sącz","UL. Zawiszy Czarnego 35 ","WOJ. MAŁOPOLSKIE",2023-12-08
331/22,"""BROWN - FORMAN  POLSKA  SPÓŁKA Z OGRANICZONĄ ODPOWIEDZIALNOŚCIĄ""",02-676,Warszawa,"ul. Postępu 21 D ","WOJ. MAZOWIECKIE",2023-12-31
332/22,"Hurtownia Artykułów Spożywczych i Przemysłowych   Warszawska Wytwórnia Wódek   Koneser  Jarosław Nowociel",05-660,Warka,"Grzegorzewice   17 ","WOJ. MAZOWIECKIE",2023-12-31
333/22,"Dom Handlowy EDEN II Kaczyńscy  Spółka Jawna",18-300,Zambrów,"ul. Magazynowa  8 ","WOJ. PODLASKIE",2023-12-31
334/22,"TANO DYSTRYBUCJA   SPÓŁKA Z OGRANICZONĄ ODPOWIEDZIALNOŚCIĄ",05-270,Marki,"ul. Okółna 45A","WOJ. MAZOWIECKIE",2023-11-23
335/22,"SŁAWOMIR OPIŁA  TOAST",27-200,Starachowice,"ul. inż. Władysława Rogowskiego 7 ","WOJ. ŚWIĘTOKRZYSKIE",2024-01-03
336/22,"BAR MANAGEMENT CO Spółka z ograniczoną odpowiedzialnością",00-841,Warszawa,"ul. Żelazna 51/53","WOJ. MAZOWIECKIE",2023-11-20
337/22,"Bieszczadzkie Smaki Spółka z ograniczoną odpowiedzialnością",38-543,Komańcza,"Wola Michowa 7","WOJ. PODKARPACKIE",2023-11-22
338/22,"Firma Handlowo-Usługowa ""MARO"" Robert Klimek",89-400,"Sępólno Krajeńskie","ul. Zakładowa 1","WOJ. KUJAWSKO-POMORSKIE",2023-12-13
339/22,"ROSIEK & ROSIEK Spółka Komandytowa  Krzysztof i Przemysław Rosiek",56-500,Syców,"ul. Kaliska   7 ","WOJ. DOLNOŚLĄSKIE",2023-12-31
340/22,"PRZEDSIĘBIORSTWO WIELOBRANŻOWE    ""BETA""   Spółka z ograniczoną odpowiedzialnością",98-220,"Zduńska Wola","ul. Opiesińska 30 A ","WOJ. ŁÓDZKIE",2024-01-03
341/22,"Piwne Mosty Spółka z ograniczoną odpowiedzialnością",53-411,Wrocław,"ul. Krucza 68/9","WOJ. DOLNOŚLĄSKIE",2023-12-20
342/22,"Coca-Cola HBC Polska Spółka z ograniczoną odpowiedzialnością",02-092,Warszawa,"ul. Żwirki i Wigury 16","WOJ. MAZOWIECKIE",2023-12-26
343/22,"""BAKOMA""  Spółka z ograniczoną odpowiedzialnością",01-303,Warszawa,"ul. Połczyńska 97 A ","WOJ. MAZOWIECKIE",2023-12-31
344/22,"FRANT Spółka z ograniczoną odpowiedzialnością",00-672,Warszawa,"ul. Piękna 43/30","WOJ. MAZOWIECKIE",2023-11-22
345/22,"ARHELAN  Spółka z ograniczoną odpowiedzialnością (dawniej: ARHELAN Helena Burzyńska Spółka komandytowa)",17-100,"Bielsk Podlaski","Aleja Józefa Piłsudskiego 45","WOJ. PODLASKIE",2024-01-14
346/22,"Gorzelnia Rolnicza - Andrzej Paszota",76-220,Główczyce,"Podole Wielkie 22","WOJ. POMORSKIE",2023-11-30
347/22,"""AMBRA""   SPÓŁKA AKCYJNA",02-819,Warszawa,"ul. Puławska 336 ","WOJ. MAZOWIECKIE",2024-01-03
348/22,"Team Spirit Whisky Spółka z ograniczoną odpowiedzialnościa",01-625,Warszawa,"ul. Adama Mickiewicza 37/lok. 58","WOJ. MAZOWIECKIE",2023-12-09
349/22,"KTW IMPORT AND DISTRIBUTION Spółka z ograniczoną odpowiedzialnością",02-285,Warszawa,"ul. Szyszkowa 35/37/Bud.A lok. A-1-011B","WOJ. MAZOWIECKIE",2023-11-25
350/22,"Przedsiębiorstwo Handlowo-Produkcyjno-Usługowe  ""WAGROMARKET""   Spółka z ograniczoną odpowiedzialnością",62-800,KALISZ,"NIEDŹWIADY 42 ","WOJ. WIELKOPOLSKIE",2023-12-31
351/22,"Przedsiębiorstwo Wielobranżowe MAX  Piotr Pajdosz",39-432,Gorzyce,"Motycze Poduchowne 95","WOJ. PODKARPACKIE",2023-12-09
352/22,""" JOTMAR""    Spółka z ograniczoną odpowiedzialnością",64-510,Wronki,"ul. Mickiewicza  26 ","WOJ. WIELKOPOLSKIE",2024-01-03
353/22,"Podlaska Wytwórnia Wódek   ""POLMOS""   Spółka Akcyjna",00-483,Warszawa,"ul. Frascati 12 ","WOJ. MAZOWIECKIE",2024-01-06
354/22,"MARCO 2 Spółka Cywilna Marek Paska, Zdzisław Stachacz, Bartłomiej Paska",02-220,Warszawa,"ul. Łopuszańska 36","WOJ. MAZOWIECKIE",2024-01-01
355/22,"TREND SPIRITS Spółka z ograniczoną odpowiedzialnością",26-600,Radom,"ul. Marii Fołtyn 11","WOJ. MAZOWIECKIE",2023-12-31
356/22,"Firma Wielobranżowa   ""SUŻYW""  Spółka z ograniczoną odpowiedzialnością",34-200,"Sucha  Beskidzka","ul. Nad Skawą   4 ","WOJ. MAŁOPOLSKIE",2023-12-17
357/22,"JONSTON DISTILLERY Spółka z ograniczoną odpowiedzialnością",64-100,Leszno,"ul. Geodetów 1","WOJ. WIELKOPOLSKIE",2023-12-04
358/22,"Firma Handlowo-Usługowa ""PAIMAR""  Mariusz Drużba",07-130,Łochów,"ul. Waryńskiego 19","WOJ. MAZOWIECKIE",2023-12-31
359/22,"MV GROUP DISTRIBUTION PL Spółka z ograniczoną odpowiedzialnością",03-236,Warszawa,"ul. Annopol 22","WOJ. MAZOWIECKIE",2023-12-31
360/22,"FIRMA MICHAŁOWSKI  Spółka z ograniczoną odpowiedzialnością  Spółka komandytowa",62-045,Pniewy,"ul. Lwówecka 15 ","WOJ. WIELKOPOLSKIE",2023-12-31
361/22,"HENKELL FREIXENET POLSKA Spółka z ograniczoną odpowiedzialnością",87-100,Toruń,"ul. Mazowiecka  48","WOJ. KUJAWSKO-POMORSKIE",2023-12-31
362/22,"SAJON GROUP Spółka z ograniczoną odpowiedzialnością",55-114,"Wisznia Mała, Kryniczno","ul. Polna 8","WOJ. DOLNOŚLĄSKIE",2023-11-30
363/22,"NIBORK Spółka z ograniczoną odpowiedzialnością",00-034,Warszawa,"ul. Warecka 11","WOJ. MAZOWIECKIE",2023-12-05
364/22,"Dariusz Frączek PR CONSULTANTS",54-142,Wrocław,"ul. Dokerska 48","WOJ. DOLNOŚLĄSKIE",2023-11-30
365/22,"""VITA""   Spółka z ograniczoną odpowiedzialnością",38-400,Krosno,"ul. Bieszczadzka 54 ","WOJ. PODKARPACKIE",2023-12-31
366/22,"CEDC INTERNATIONAL  Spółka z ograniczoną odpowiedzialnością",64-600,Oborniki,"ul. Kowanowska 48 ","WOJ. WIELKOPOLSKIE",2023-12-31
367/22,"Premium Distillers  Spółka z ograniczoną odpowiedzialnością",00-728,Warszawa,"ul. Józefa Piusa Dziekońskiego 3","WOJ. MAZOWIECKIE",2023-12-31
368/22,"Makro Cash and Carry Polska  Spółka Akcyjna",02-183,Warszawa,"Al. Krakowska  61 ","WOJ. MAZOWIECKIE",2023-12-31
369/22,"MALKO  Spółka z ograniczoną odpowiedzialnością",01-699,Warszawa,"ul. Parandowskiego 17 ","WOJ. MAZOWIECKIE",2023-12-31
370/22,"Arkadia Dystrybucja Stanisławczyk Nowakowski Spółka komandytowa",93-569,Łódź,"ul. Inżynierska 1/3","WOJ. ŁÓDZKIE",2024-01-01
371/22,"WYBOROWA  Spółka  Akcyjna",61-070,Poznań,"ul. Janikowska 23 ","WOJ. WIELKOPOLSKIE",2023-12-31
372/22,"NAVIGATOR Spółka z ograniczoną odpowiedzialnością Spółka Komandytowa",03-310,Warszawa,"ul. Staniewicka 5","WOJ. MAZOWIECKIE",2023-12-31
373/22,"ARTEX-HURT Spółka z ograniczoną odpowiedzialnością",06-500,Mława,"ul. Napoleońska 100 ","WOJ. MAZOWIECKIE",2024-01-03
374/22,"Hemar Dystrybucja Paweł Antczak",62-650,Kłodawa,"ul. Łęczycka 11A","WOJ. WIELKOPOLSKIE",2024-01-01
375/22,"BOSS   Spółka z ograniczoną odpowiedzialnością",11-600,Węgorzewo,"ul. Przemysłowa 7 A ","WOJ. WARMIŃSKO-MAZURSKIE",2023-12-31
376/22,"Piotr Wojtala",05-660,Warska,"ul. Grójecka 129","WOJ. MAZOWIECKIE",2023-12-15
377/22,"REDOX Spółka z ograniczoną odpowiedzialnością (dawniej Firma ""Redox"" Ola, Ryszard Pietrzak Spółka Jawna)",34-745,Spytkowice,"Spytkowice  427A ","WOJ. MAŁOPOLSKIE",2024-01-03
378/22,"GIFT  Spółka z ograniczoną odpowiedzialnością",33-113,"Zbylitowska Góra","ul. Krakowska 1","WOJ. MAŁOPOLSKIE",2024-01-01
379/22,"HWS POLSKA   Spółka z ograniczoną odpowiedzialnością",00-406,Warszawa,"ul. Ludna 2 ","WOJ. MAZOWIECKIE",2024-01-03
380/22,"GIN DOM GIOVANNI COSTA",40-384,Katowice,"ul. ks. bpa Herberta Bednorza 2a-6","WOJ. ŚLĄSKIE",2023-12-31
381/22,"""VITA IDEA""  Spółka z ograniczoną odpowiedzialnością",93-348,Łódź,"ul. Demokratyczna 115/235D","WOJ. ŁÓDZKIE",2023-12-31
382/22,"FLESCH POLSKA Spółka z ograniczoną odpowiedzialnością",05-830,"Nadarzyn, Rusiec","ul. Główna 56","WOJ. MAZOWIECKIE",2023-12-31
383/22,"""PIWO - POL""  Spółka z ograniczoną odpowiedzialnością",21-040,Świdnik,"ul. Mełgiewska   13 ","WOJ. LUBELSKIE",2024-01-03
384/22,"OTWOCKA SPÓŁDZIELNIA HANDLOWA",05-400,Otwock,"ul. Świderska 2/4 ","WOJ. MAZOWIECKIE",2023-12-31
385/22,"Gminna Spółdzielnia  ""SAMOPOMOC CHŁOPSKA""",64-360,Zbąszyń,"ul. Przysiółki  2 ","WOJ. WIELKOPOLSKIE",2024-01-03
386/22,"FAMILIA Spółka z ograniczoną odpowiedzialnością Spółka komandytowa",32-400,Myślenice,"ul. Juliusza SŁowackiego 71","WOJ. MAŁOPOLSKIE",2023-12-31
387/22,"ALEX   W. Adamczyk    Spółka Jawna",26-052,Nowiny,"ul. Przemysłowa 25 ","WOJ. ŚWIĘTOKRZYSKIE",2024-01-03
388/22,"CHUANG YIN DEVELOPMENT (OVERSEAS)  Spółka z ograniczoną odpowiedzialnością",00-839,Warszawa,"ul. Towarowa 28","WOJ. MAZOWIECKIE",2023-12-31
389/22,"RUMTEX    Spółka z ograniczoną odpowiedzialnością",43-100,Tychy,"ul. Przemysłowa 74/A","WOJ. ŚLĄSKIE",2023-12-31
390/22,"WERDA  Spółka Cywilna Weronika Niekrasiewicz, Dorota Niekrasiewicz-Zaborowicz",63-000,"Środa Wielkopolska","ul. Harcerska 18","WOJ. WIELKOPOLSKIE",2023-12-13
391/22,"Semkowicz i Bogoń Spółka z ograniczoną odpowiedzialnością",05-071,Sulejówek,"ul. Starych Dębów 3A","WOJ. MAZOWIECKIE",2024-01-14
392/22,"KMK DYSTRYBUCJA I HANDEL  KRZYSZTOF MROCZEK",09-400,Płock,"ul. Bielska   61 ","WOJ. MAZOWIECKIE",2024-01-03
393/22,"""LUX"" Hurtownia Artykułów Spożywczych  Grażyna Kwiatkowska",87-820,Kowal,"ul. Kazimierza Wielkiego  43","WOJ. KUJAWSKO-POMORSKIE",2024-01-03
394/22,"FIRMA MARCINIAK ŁUKASZ MARCINIAK",05-100,"NOWY DWÓR MAZOWIECKI","ul. Towarowa 1","WOJ. MAZOWIECKIE",2024-01-25
395/22,"MOET HENNESSY POLSKA  Spółka z ograniczoną odpowiedzialnością",00-499,Warszawa,"Plac Trzech Krzyży 18 ","WOJ. MAZOWIECKIE",2024-01-15
396/22,"PREMIUM ALCOHOLS  Spółka z ograniczoną odpowiedzialnością",05-816,Reguły,"Al. Jerozolimskie 298 ","WOJ. MAZOWIECKIE",2023-12-18
397/22,"Romuald Madziąg Firma ""Romulus""",77-100,Bytów,"ul. Przemysłowa 2B","WOJ. POMORSKIE",2023-12-31
398/22,"MUNDIVIE  Spółka Akcyjna",43-385,Jasienica,"Jasienica 607 ","WOJ. ŚLĄSKIE",2024-01-31
399/22,"""POLOMARKET""   Spółka z ograniczoną odpowiedzialnością",88-170,Pakość,"Giebnia  20 ","WOJ. KUJAWSKO-POMORSKIE",2024-01-24
400/22,"MARIOTT   Spółka z ograniczoną odpowiedzialnością",93-231,Łódź,"ul. Dąbrowskiego 247/249 ","WOJ. ŁÓDZKIE",2024-01-03
401/22,"ARTISAN Spółka z ograniczona odpowiedzialnością Spółka komandytowa",02-001,Warszawa,"Aleje Jerozolimskie 85/21","WOJ. MAZOWIECKIE",2023-12-19
402/22,"""HURTOWNIA PIAST""   Spółka z ograniczoną odpowiedzialnością",58-100,Świdnica,"ul. Hetmańska   6 ","WOJ. DOLNOŚLĄSKIE",2024-01-03
403/22,"MILLE SAPORI PLUS  Spółka z ograniczoną odpowiedzialnością",02-495,Warszawa,"ul. Kazimierza Gierdziejewskiego 7 ","WOJ. MAZOWIECKIE",2024-01-21
404/22,"Powszechna Spółdzielnia Spożywców    ""SPOŁEM""  w Białymstoku",15-950,Białystok,"ul. Rynek Kościuszki 15 ","WOJ. PODLASKIE",2024-01-31
405/22,"P.H.U. JOLMAR Maria GÓRECKA",09-200,Sierpc,"ul. Romualda Traugutta 24 ","WOJ. MAZOWIECKIE",2024-01-31
406/22,"Spółdzielnia Handlowo - Produkcyjna  ""ROLNIK"" w Węgrowie",07-100,Węgrów,"ul. Adama Mickiewicza   6 ","WOJ. MAZOWIECKIE",2024-01-03
407/22,"""INTERBIS""   Marek Kwaśniak",27-400,"Ostrowiec Świętokrzyski","ul. Jana Kilińskiego 49 ","WOJ. ŚWIĘTOKRZYSKIE",2024-01-09
408/22,"""SCA  PR POLSKA""   Spółka z ograniczoną odpowiedzialnością",62-080,"Tarnowo Podgórne, Swadzim","ul. Św. Mikołaja 5 ","WOJ. WIELKOPOLSKIE",2024-01-17
409/22,"""SPOŁEM""  Powszechna Spółdzielnia Spożywców w Lubaniu",59-800,Lubań,"ul. Tkacka 27 ","WOJ. DOLNOŚLĄSKIE",2024-01-31
410/22,"FRAC DETAL Spółka z ograniczoną odpowiedzialnością",35-959,Rzeszów,"ul. Lwowska 6","WOJ. PODKARPACKIE",2024-01-06
411/22,"Bayadera Poland Spółka z ograniczoną odpowiedzialnością",02-054,Warszawa,"ul. Jana Dantyszka 18","WOJ. MAZOWIECKIE",2024-01-15
412/22,"LONGINA  SPRYSZAK  FIRMA  HANDLOWA",23-225,Szastarka,"Polichnia Pierwsza 14","WOJ. LUBELSKIE",2024-12-19
413/22,"Kraftowe Alkohole Spółka z ograniczoną odpowiedzialnością",43-346,Bielsko-Biała,"ul. Bestwińska 143","WOJ. ŚLĄSKIE",2023-12-29
414/22,"MS4 Mateusz Snela",63-000,"Środa Wielkopolska","ul. Strzelecka 42/lok. P/02","WOJ. WIELKOPOLSKIE",2024-01-02
415/22,"NATURA SYSTEM  Grażyna i Grzegorz Maciantowicz  Spółka Jawna",41-704,"Ruda Śląska","ul. Jesionowa 22 ","WOJ. ŚLĄSKIE",2023-12-31
416/22,"Mazurska Manufaktura Spółka Akcyjna",12-100,Szczytno,"ul. Adama Mickiewicza 5","WOJ. WARMIŃSKO-MAZURSKIE",2024-01-21
417/22,"ALIANS GWÓŹDŹ   SPÓŁKA JAWNA",40-642,Katowice,"ul. Spółdzielczości 31 ","WOJ. ŚLĄSKIE",2024-01-03
418/22,"BENE   Spółka z ograniczoną odpowiedzialnością",64-010,Lubiń,"ul. A.Mickiewicza 6 ","WOJ. WIELKOPOLSKIE",2024-01-16
419/22,"RIBENA  Spółka z ograniczoną odpowiedzialnością",83-340,Sierakowice,"Wygoda Sierakowska 208","WOJ. POMORSKIE",2024-02-01
420/22,"POSEJDON - ADAMUS  Spółka z ograniczoną odpowiedzialnością",90-135,Łódź,"ul. Prezydenta Gabriela Narutowicza 40/1","WOJ. ŁÓDZKIE",2024-01-03
1/23,"Przedsiębiorstwo Produkcyjno Usługowo Handlowe  ""SIMS""  Sylwester Siatkowski",64-920,Piła,"ul. Żeromskiego 83","WOJ. WIELKOPOLSKIE",2024-01-31
1/W/23,"Przedsiębiorstwo Handlowo-Usługowe  ""MAXIM"" Mieczysław Pałysa Paweł Pałysa Spółka Jawna",08-400,Garwolin,"ul. Parysowska 2","WOJ. MAZOWIECKIE",2024-01-25
2/23,"AS-DELUXE Barbara Cygan",43-100,Tychy,"ul. Hanny i Kazimierza Wejchertów 7/lok. 83","WOJ. ŚLĄSKIE",2024-01-09
3/23,"""STABOL"" Spółka Jawna  Stoszek Stanisław - Cymor Bolesław",43-400,Cieszyn,"ul. Rudowska 33 ","WOJ. ŚLĄSKIE",2024-01-31
4/23,"Manufaktura Maurera Spółka z ograniczoną odpowiedzialnością (dawniej:P.P.H.U. Tłocznia Maurer Krzysztof Maurer)",33-390,Łącko,"Zarzecze 1B ","WOJ. MAŁOPOLSKIE",2024-02-13
5/23,"RAFAŁ DZILIŃSKI",06-400,Ciechanów,"ul. Leśna 52 ","WOJ. MAZOWIECKIE",2024-02-21
6/23,"UNIQUE SPIRITS Spółka z ograniczoną odpowiedzialnością",98-200,Sieradz,"ul. Targowa 2","WOJ. ŁÓDZKIE",2024-01-15
7/23,"Firma Handlowa ""GAJEWCZYK BIS""  Wiktor Gajewczyk",98-220,"Zduńska Wola","ul. Żytnia 14 B ","WOJ. ŁÓDZKIE",2024-02-29
8/23,"MILER SPIRITS Spółka z ograniczoną odpowiedzialnością",61-829,Poznań,"ul. Podgórna 4","WOJ. WIELKOPOLSKIE",2024-01-16
9/23,"Manufaktura Kapucynów Spółka z ograniczoną odpowiedzialnością",31-114,Kraków,"ul. Loretańska 11","WOJ. MAŁOPOLSKIE",2024-01-31
10/23,"PILOT D&S Spółka z ograniczoną odpowiedzialnością",03-310,Warszawa,"ul. Staniewicka 5","WOJ. MAZOWIECKIE",2024-01-11
11/23,"""NALEWKI STAROPOLSKIE   KAROL  MAJEWSKI  I WSPÓLNICY""  Spółka z ograniczoną odpowiedzialnością",05-092,Łomianki,"ul. Wiosenna 60 ","WOJ. MAZOWIECKIE",2024-02-07
12/23,"""WIZ""  Spółka z ograniczoną odpowiedzialnością",09-200,Sierpc,"ul. Kościuszki 8 ","WOJ. MAZOWIECKIE",2024-01-31
13/23,"WINEONLINE  Spółka z ograniczoną odpowiedzialnością",02-285,Warszawa,"ul. Szyszkowa 43 ","WOJ. MAZOWIECKIE",2024-03-31
14/23,"Firma Handlowo-Usługowa  ""GASPARO""   Marek Rams",32-340,Wolbrom,"Kąpiele Wielkie 168 a ","WOJ. MAŁOPOLSKIE",2024-01-31
15/23,"Kaprys Polski Sklep Spółka z ograniczoną odpowiedzialnością",58-200,Dzierżoniów,"Osiedle Błękitne 27","WOJ. DOLNOŚLĄSKIE",2024-01-14
16/23,"LOBO   Spółka z ograniczoną odpowiedzialnością",31-588,Kraków,"ul. Isep 9 ","WOJ. MAŁOPOLSKIE",2024-01-31
17/23,"WOLF AND OAK DISTILLERY SPÓŁKA  AKCYJNA",80-864,Gdańsk,"ul. Jana z Kolna 11","WOJ. POMORSKIE",2024-01-31
18/23,"AMKA  Spółka z ograniczoną odpowiedzialnością",02-972,Warszawa,"Aleja Rzeczypospolitej 18/83","WOJ. MAZOWIECKIE",2024-02-29
19/23,"CERVILLE INVESTMENTS  Spółka z ograniczoną odpowiedzialnością",02-705,Warszawa,"ul. Czerniowiecka 2B ","WOJ. MAZOWIECKIE",2024-02-14
20/23,"""AUCHAN POLSKA""  Spółka z ograniczoną odpowiedzialnością",05-500,Piaseczno,"ul. Puławska 46 ","WOJ. MAZOWIECKIE",2024-02-11
21/23,"HENTEX Sklep Wielobranżowy Henryk Szemet",59-400,Jawor,"ul. Królowej Marysieńki 8","WOJ. DOLNOŚLĄSKIE",2024-01-16
22/23,"Wanda Łęgosz P.H.U. RUDMAR",46-325,Rudniki,"ul. Biegańskiego 7 ","WOJ. OPOLSKIE",2024-02-16
23/23,"The Last Port Spółka z ograniczoną odpowiedzialnością Spółka komandytowa",81-350,Gdynia,"ul. Portowa 5/1","WOJ. POMORSKIE",2024-01-30
24/23,"TESSELLIS DISTILLERY Spółka z ograniczoną odpowiedzialnością",44-153,Sośnicowice,"ul. Kozielska 2","WOJ. ŚLĄSKIE",2024-02-01
25/23,"ANPAH BIS Paweł Janiak",62-800,Kalisz,"ul. Piwonicka 1 C","WOJ. WIELKOPOLSKIE",2024-02-14
26/23,"F.H.U. Jacek Chudzik",81-345,Gdynia,"al. Jana Pawła II 1","WOJ. POMORSKIE",2024-03-01
27/23,"Retail & Food Services Polska  Spółka z ograniczoną odpowiedzialnością",81-339,Gdynia,"ul. Polska 4","WOJ. POMORSKIE",2024-02-14
28/23,"""BORT-WIMAR""  Spółka Jawna",49-200,Grodków,"ul. Sienkiewicza 104","WOJ. OPOLSKIE",2024-02-19
29/23,"Syndyk Masy Upadłości Kefirek Spółka Akcyjna w Upadłości z siedzibą w Modlnicy",32-085,Modlnica,"ul. Częstochowska 48","WOJ. MAŁOPOLSKIE",2024-01-22
30/23,"""PHU WYSOKIŃSKI""  Spółka z ograniczoną odpowiedzialnością",02-972,Warszawa,"ul. Adama Branickiego 9/90","WOJ. MAZOWIECKIE",2024-02-14
31/23,"Wódki Regionalne   Spółka z ograniczoną odpowiedzialnością",43-370,Szczyrk,"ul. Myśliwska 74","WOJ. ŚLĄSKIE",2024-01-31
32/23,"""ROLMEX"" Spółka Akcyjna",02-604,Warszawa,"ul. Olkuska 7 ","WOJ. MAZOWIECKIE",2024-03-01
33/23,"MEDIPHARM INTERNATIONAL Spółka z ograniczoną odpowiedzialnością Spółka komandytowa",64-316,Kuślin,"ul. Emilii Sczanieckiej 20B","WOJ. WIELKOPOLSKIE",2024-02-06
34/23,"""Polska Dystrybucja Alkoholi""    Spółka z ograniczoną odpowiedzialnością",95-200,Pabianice,"ul. Rzgowska 276A","WOJ. ŁÓDZKIE",2024-01-31
35/23,"DRAKE Spółka z ograniczoną odpowiedzialnością",64-060,Wolkowo,"Maksymilianowo 40","WOJ. WIELKOPOLSKIE",2024-01-31
36/23,"IRJAN Spółka z ograniczoną odpowiedzialnością Spółka komandytowa",63-600,Kepno,"Mianowice 1G","WOJ. WIELKOPOLSKIE",2024-01-31
37/23,"""JAKO""   Spółka z ograniczoną odpowiedzialnością",62-817,Żelazków,"Kokanin  44 ","WOJ. WIELKOPOLSKIE",2024-02-29
38/23,"Polskie Destylarnie Spółka z ograniczoną odpowiedzialnością ",20-076,Lublin,"ul. Krakowskie Przedmieście 51/1","WOJ. LUBELSKIE",2024-01-31
39/23,"DISTRIBEV   Spółka z ograniczoną odpowiedzialnością",00-728,Warszawa,"ul. Józefa Piusa Dziekońskiego 3","WOJ. MAZOWIECKIE",2024-02-29
40/23,"ALCORA Spółka z ograniczoną odpowiedzialnością",02-237,Warszawa,"ul. Instalatorów 23","WOJ. MAZOWIECKIE",2024-03-02
41/23,"REFLEX  Spółka z ograniczoną odpowiedzialnością",43-502,Czechowice-Dziedzice,"ul. Władysława Stanisława Reymonta 18","WOJ. ŚLĄSKIE",2024-02-19
42/23,"FILABORA  FB  KOŁPA  & KOŁPA SPÓŁKA  KOMANDYTOWA",33-140,"Lisia Góra","ul. Tarnowska 7","WOJ. MAŁOPOLSKIE",2024-02-28
43/23,"Nalewki Gniewski Dwór Robert Galiński",82-500,Kwidzyn,"Gniewskie Pole 24","WOJ. POMORSKIE",2024-02-14
44/23,"PRAVDA Spółka  z ograniczoną odpowiedzialnością",43-300,"Bielsko - Biała","ul. Międzyrzecka 152 ","WOJ. ŚLĄSKIE",2024-02-29
45/23,"BALTIC SPIRITS Spółka Akcyjna",84-123,"Rekowo Górne","ul. Osiedlowa 12/1","WOJ. POMORSKIE",2024-01-31
46/23,"DRINKS  Spółka z ograniczoną odpowiedzialnością",62-200,Gniezno,"ul. Leopolda Okulickiego 21","WOJ. WIELKOPOLSKIE",2024-02-14
47/23,"FERIER Spółka z ograniczoną odpowiedzialnością",02-822,Warszawa,"ul. Poleczki 23","WOJ. MAZOWIECKIE",2024-02-14
48/23,"DOTAS Spółka z ograniczoną odpowiedzialnością",61-751,Poznań,"ul. Bóżnicza  1/14","WOJ. WIELKOPOLSKIE",2024-02-15
49/23,"HIKOEMON Spółka z ograniczoną odpowiedzialnością",00-844,Warszawa,"ul. Grzybowska 87","WOJ. MAZOWIECKIE",2024-02-06
50/23,"BARTEX  BARTOL   Spółka z ograniczoną odpowiedzialnością   Spółka Komandytowa",64-300,"Nowy  Tomyśl","Paproć  111 ","WOJ. WIELKOPOLSKIE",2024-04-01
51/23,"ORZEŁEK Spółka z ograniczoną odpowiedzialnością",35-312,Rzeszów,"ul. bp. Józefa Sebastiana Pelczara 6C/8","WOJ. PODKARPACKIE",2024-02-14
52/23,"""KAMIX""  Spółka z ograniczoną odpowiedzialnością",02-238,Warszawa,"ul. Modularna 12 lok. 400","WOJ. MAZOWIECKIE",2024-02-29
53/23,"M&P  PAVLINA  Spółka z ograniczoną odpowiedzialnością  Spółka Komandytowa",05-270,Marki,"ul. Leonida Teligi 1 A ","WOJ. MAZOWIECKIE",2024-03-31
54/23,"PPHU WIN-PIW BIS  Ireneusz Auguścik",97-570,Przedbórz,"ul. Spacerowa 2 ","WOJ. ŁÓDZKIE",2024-02-29
55/23,"Alko-Trade Krzysztof Lisiecki",77-100,Bytów,"ul. Lęborska 18","WOJ. POMORSKIE",2024-02-29
56/23,"Wojciech Herian ""Karczma Pod Wielką Solą""",32-020,Wieliczka,"ul. Grunwaldzka 46","WOJ. MAŁOPOLSKIE",2024-02-29
57/23,"Przedsiębiorstwo Handlowo-Usługowe ""TOPAZ"" Spółka z ograniczoną odpowiedzialnością (dawniej: Paczóski Zbigniew Przedsiębiorstwo Handlowo-Uslugowe ""Topaz"")",08-300,"Sokołów Podlaski","ul. Kolejowa 3 B","WOJ. MAZOWIECKIE",2024-03-16
58/23,"Manufaktura Nalewek  Spółka z ograniczoną odpowiedzialnością",38-400,Krosno,"ul. Pużaka 49 ","WOJ. PODKARPACKIE",2024-03-04
59/23,"PREMIUM CIGARS   Spółka z ograniczoną odpowiedzialnością",30-298,Kraków,"ul. Powstania Listopadowego 14","WOJ. MAŁOPOLSKIE",2024-02-26
60/23,"DMK BUDOWNICTWO K.M. POPŁAWSCY SPÓŁKA KOMANDYTOWA",18-106,"Turośń Kościelna","Markowszczyzna 80","WOJ. PODLASKIE",2024-02-12
61/23,"Winnica Libiąż Spółka z ograniczoną odpowiedzialnością",02-699,Warszawa,"ul. Kłobucka 23D/118","WOJ. MAZOWIECKIE",2024-02-09
62/23,"""BACARDI-MARTINI  POLSKA""  Spółka z ograniczoną odpowiedzialnością",02-675,Warszawa,"ul. Wołoska 22 ","WOJ. MAZOWIECKIE",2024-03-26
63/23,"MACON Spółka z ograniczoną odpowiedzialnością",81-061,Gdynia,"ul. Hutnicza 48","WOJ. POMORSKIE",2024-02-29
64/23,"""PARTNER CENTER""  Spółka z ograniczoną odpowiedzialnością",90-423,Łódź,"ul. Piotrkowska 89 ","WOJ. ŁÓDZKIE",2024-03-18
65/23,"GM KRAFT Spółka z ograniczoną odpowiedzialnością",30-519,Kraków,"ul. Jana Zamoyskiego 81","WOJ. MAŁOPOLSKIE",2024-02-23
66/23,"POLSKIE  LINIE  OCEANICZNE   Spółka Akcyjna",81-406,Gdynia,"Al. Marszałka Piłsudskiego 1","WOJ. POMORSKIE",2024-03-09
67/23,"DRAVA PETAR BURULIC",01-494,Warszawa,"ul. Widawska 5/21","WOJ. MAZOWIECKIE",2024-03-01
68/23,"""GRZEŚ"" W. SZYMCZAK  Spółka komandytowa",56-500,Syców,"ul. Kaliska 7 ","WOJ. DOLNOŚLĄSKIE",2024-04-02
69/23,"BLUMAK  Maciej Uchański",50-452,Wrocław,"ul. Komuny Paryskiej 72","WOJ. DOLNOŚLĄSKIE",2024-03-01
70/23,"POLSKI TYTOŃ  Spółka Akcyjna",26-600,Radom,"ul. Tartaczna 29 ","WOJ. MAZOWIECKIE",2024-03-20
71/23,"Hurtownia Wódki Góralskie WS & WG  Szymon Karabuła",34-500,Zakopane,"ul. Jana Kasprowicza 1","WOJ. MAŁOPOLSKIE",2024-02-29
72/23,"GURLEX  GROUP  PL   Spółka z ograniczoną odpowiedzialnością",30-444,Libertów,"ul. Bartnicka 35 ","WOJ. MAŁOPOLSKIE",2024-03-28
73/23,"Firma Galon Spółka z ograniczoną odpowiedzialnością",44-304,"Wodzisław Śląski","ul. Mszańska 4 C ","WOJ. ŚLĄSKIE",2024-03-23
74/23,"REST-D GATROX  Spółka z ograniczoną odpowiedzialnością Spółka Komandytowa",34-300,Żywiec,"ul. Stefana Batorego 16","WOJ. ŚLĄSKIE",2024-03-31
75/23,"""NEPTUN"" Ship Service LTD.   Spółka  z ograniczoną odpowiedzialnością",81-334,Gdynia,"ul. Polska  43","WOJ. POMORSKIE",2024-04-06
76/23,"Izydorczyk Michał - ""IZI""",87-700,"Aleksandrów Kujawski,  Rożno-Parcele","ul. Akacjowa 24","WOJ. KUJAWSKO-POMORSKIE",2024-03-10
77/23,"""ANPAH JANIAK""   Spółka Jawna",62-800,Kalisz,"ul. Piwonicka 1 C","WOJ. WIELKOPOLSKIE",2024-03-29
78/23,"P.H.U. LECH-POL  Spółka z ograniczoną odpowiedzialnością",62-200,Gniezno,"ul. Leopolda Okulickiego 21","WOJ. WIELKOPOLSKIE",2024-03-31
79/23,"Przedsiębiorstwo Handlowo-Usługowe   ""STANWOJ-HURT"" Spółka Jawna  Dobosz",07-104,Stoczek,"ul. Kolejowa 27 A ","WOJ. MAZOWIECKIE",2024-05-31
80/23,"Wielkopolska Manufaktura Wódek Spółka Akcyjna",62-095,"Murowana Goślina","ul. Polna 21","WOJ. WIELKOPOLSKIE",2024-03-20
81/23,"Polska Fabryka Wódek Old Distillery  Spółka z ograniczoną odpowiedzialnością",61-464,Poznań,"ul. Chmielna 8 lok. 1 ","WOJ. WIELKOPOLSKIE",2024-03-24
82/23,"Zakład Przetwórstwa Owocowo-Warzywnego  ""ORZECH""  Spółka z ograniczoną odpowiedzialnością",36-100,Kolbuszowa,"ul. Rzeszowska 7 ","WOJ. PODKARPACKIE",2024-03-31
83/23,"DOM WINA   Spółka z ograniczoną odpowiedzialnością",30-198,KRAKÓW,"ul. Balicka 255 ","WOJ. MAŁOPOLSKIE",2024-03-31
84/23,"MAROL  Spółka z ograniczoną odpowiedzialnością",61-249,Poznań,"ul. Stanisława Zwierzchowskiego 25","WOJ. WIELKOPOLSKIE",2024-04-10
85/23,"Renata Wrzesińska  MEGA-WAR",05-660,Warka,"ul. Puławska 36","WOJ. MAZOWIECKIE",2024-03-31
86/23,"Andrzej Koc Przedsiębiorstwo Usługowo-Handlowe ""KOCYK""",30-241,Kraków,"ul. Olszanicka 85","WOJ. MAŁOPOLSKIE",2024-05-28
87/23,"PGS   Spółka z ograniczoną odpowiedzialnością",01-205,Warszawa,"ul. Młynarska  7","WOJ. MAZOWIECKIE",2024-05-27
88/23,"""BEVGROUP""  Spółka z ograniczoną odpowiedzialnością",05-270,Marki,"ul. Okólna 45","WOJ. MAZOWIECKIE",2024-04-03
89/23,"PRYZMAT Walery Sulewski, Mirosław Sulewski Spółka komandytowa",22-500,Hrubieszów,"ul. Nowa 106A","WOJ. LUBELSKIE",2024-03-19
90/23,"Andrzej Marusarz Handel Obwoźny, Import Export",34-424,"Bańska Niżna","ul. Papieska 114","WOJ. MAŁOPOLSKIE",2024-03-31
91/23,"GROCHOWICA POLSKA Spółka z ograniczoną odpowiedzialnością",67-410,"Stare Strącze","Stare Strącze 43","WOJ. LUBUSKIE",2024-03-31
92/23,"""Tenczyńska Okovita"" Spółka Akcyjna",32-067,Tenczynek,"ul. Tenczyńska 59","WOJ. MAŁOPOLSKIE",2024-03-19
93/23,"GRUPA AWW Spółka z ograniczoną odpowiedzialnością",62-800,Kalisz,"Niedźwiady 45","WOJ. WIELKOPOLSKIE",2024-04-25
94/23,"Snacks and Dried Fish Spółka z ograniczoną odpowiedzialnością",30-039,Kraków,"ul. Józefitów 3/2","WOJ. MAŁOPOLSKIE",2024-03-22
95/23,"""LEVER"" Spółka Jawna  Rabiński-Drąg",23-200,Kraśnik,"ul. Narutowicza 42 ","WOJ. LUBELSKIE",2024-03-31
96/23,"VININOVA   Spółka z ograniczoną odpowiedzialnością",62-002,"Suchy Las","ul. Sprzeczna  22","WOJ. WIELKOPOLSKIE",2024-04-06
97/23,"CIELEŚNICA Spółka Akcyjna",21-504,"Rokitno, Cieleśnica","Cieleśnica-Pałac 22","WOJ. LUBELSKIE",2024-04-20
98/23,"KRAVT & CO. Spółka z ograniczoną odpowiedzialnością",02-715,Warszawa,"ul. Puławska 145","WOJ. MAZOWIECKIE",2024-03-24
99/23,"Hurtownia  ""WAKO""   Witczak  Władysław",62-731,Przykona,"Psary, ul. Sportowa   22","WOJ. WIELKOPOLSKIE",2024-04-11
100/23,"Platinum Wines Spółka z ograniczoną odpowiedzialnością",02-724,Warszawa,"ul. Wołodyjowskiego 70/1","WOJ. MAZOWIECKIE",2024-03-31
101/23,"Podkarpacka Destylarnia  Okowity  Grzegorz Pińczuk",38-530,"Zarszyn, Długie","ul. Sanocka 123","WOJ. PODKARPACKIE",2024-04-30
102/23,"Sebastian Sikorski Agencja Usługowo-Reklamowa   ""YED PRIOR""",57-500,"Bystrzyca Kłodzka","ul. Kolejowa 179","WOJ. DOLNOŚLĄSKIE",2024-04-10
103/23,"Katarzyna Turaj Przedsiębiorstwo Handlowo-Usługowe  ""KAMA""",45-340,Opole,"ul. Jakuba Kani 3 c/lok. 13","WOJ. OPOLSKIE",2024-04-15
104/23,"Czeskie Piwa Spółka z ograniczoną odpowiedzialnością Spółka komandytowa",94-039,Łódź,"ul. Walerego Wróblewskiego 128","WOJ. ŁÓDZKIE",2024-04-14
105/23,"JAKOB HABERFELD STORY Spółka z ograniczoną odpowiedzialnością",43-300,Bielsko-Biała,"ul. Michała Grażyńskiego 339","WOJ. ŚLĄSKIE",2024-03-31
106/23,"Jan Wołoch Firma Handlowo-Produkcyjna ""Wołoch-Artykuły Spożywcze""",32-200,Miechów,"ul. Krótka 5","WOJ. MAŁOPOLSKIE",2024-04-19
107/23,"MARMAX  Spółka z ograniczoną odpowiedzialnością",38-120,Czudec,"ul. Kolejowa 2A","WOJ. PODKARPACKIE",2024-04-30
108/23,"JNT GROUP  Spółka Akcyjna Spółka Komandytowa",95-082,Dobroń,"ul. Sienkiewicza  68","WOJ. ŁÓDZKIE",2024-05-11
109/23,"Regionalne Przysmaki Spółka z ograniczoną odpowiedzialnością",15-107,Białystok,"ul. Racławicka 15","WOJ. PODLASKIE",2024-04-14
110/23,"Store Trade Spółka z ograniczoną odpowiedzialnością",45-340,Opole,"ul. Jakuba Kani 3C/13","WOJ. OPOLSKIE",2024-04-26
111/23,"FRESZ   Spółka Akcyjna",10-409,Olsztyn,"ul. Lubelska 36 A ","WOJ. WARMIŃSKO-MAZURSKIE",2024-04-10
112/23,"Manufaktura Luksusu Spółka z ograniczoną odpowiedzialnością",05-200,WOŁOMIN,"ul. Waryńskiego 1","WOJ. MAZOWIECKIE",2024-05-01
113/23,"Old Polish Vodka  Spółka z ograniczoną odpowiedzialnością",17-220,Narewka,"Lewkowo Stare 19 ","WOJ. PODLASKIE",2024-05-08
114/23,"CBMAX SPIRITS  Spółka z ograniczoną odpowiedzialnością  ",84-104,"Jastrzębia Góra, Władysławowo","ul. Zygmunta III 11 ","WOJ. POMORSKIE",2024-05-18
115/23,"WIN-CIN   Spółka z ograniczoną odpowiedzialnością",10-449,Olsztyn,"ul. Piłsudskiego   64 E ","WOJ. WARMIŃSKO-MAZURSKIE",2024-05-10
116/23,"MALT INVEST  Spółka z ograniczoną odpowiedzialnością",77-310,Debrzno,"ul. Młynarska 9","WOJ. POMORSKIE",2024-04-17
117/23,"ANTRES BIS Spółka z ograniczoną odpowiedzialnością",05-077,"Wesoła, Zakręt","ul. Długa 4","WOJ. MAZOWIECKIE",2024-05-01
118/23,"Gram Sadeccy Spółka Jawna",09-402,Płock,"ul. Górna 32","WOJ. MAZOWIECKIE",2024-05-06
119/23,"Waldemar Sekuła  P.H.U. ""Sekwim Bis""",64-000,Kościan,"ul. Chłapowskiego  14 ","WOJ. WIELKOPOLSKIE",2024-05-15
120/23,"WEALTH SOLUTIONS  Spólka Akcyjna",00-032,Warszawa,"ul. Przeskok 2","WOJ. MAZOWIECKIE",2024-05-09
121/23,"""ROAN SHIP CHANDLER""   Spółka z ograniczoną odpowiedzialnością",81-061,Gdynia,"ul. Hutnicza 61","WOJ. POMORSKIE",2024-05-04
122/23,"Kompania Dystrybucyjna TEDI Spółka z ograniczoną odpowiedzialnością Spólka komandytowo-akcyjna",18-212,"Nowe Piekuty","ul. Główna 23","WOJ. PODLASKIE",2024-04-30
123/23,"Artur Grabiec Grupa Grabiec",32-660,Chełmek,"Aleja Parkowa 14","WOJ. MAŁOPOLSKIE",2024-04-20
124/23,"TRANSGOURMET POLSKA   Spółka z ograniczoną odpowiedzialnością",61-131,Poznań,"ul. Zamenhofa 133 ","WOJ. WIELKOPOLSKIE",2024-05-29
125/23,"BEVWORKS Spółka z ograniczoną odpowiedzialnością",02-757,Warszawa,"ul. Ukryty Raj 4/2","WOJ. MAZOWIECKIE",2024-04-30
126/23,"ALKOSFERA Spółka  z ograniczoną odpowiedzialnością",65-410,"Zielona Góra","ul. Fabryczna 17A/1","WOJ. LUBUSKIE",2024-05-17
127/23,"Anita Barbara Bafia  Firma Handlowo-Usługowa   ""U BAFII""",34-520,Poronin,"ul. Tatrzańska 90 ","WOJ. MAŁOPOLSKIE",2024-05-15
128/23,"Zakład Produkcji Spożywczej  Stefan Skwierawski",89-632,Brusy,"ul. Szkolna 28 ","WOJ. POMORSKIE",2024-05-14
129/23,"Global Spirits Beverages Spółka z ograniczoną odpowiedzialnością",02-972,Warszawa,"ul. Adama Branickiego 15","WOJ. MAZOWIECKIE",2024-06-30
130/23,"FOOD & WINE Spółka z ograniczoną odpowiedzialnością",32-085,Modlniczka,"ul. Komandosów 1/3","WOJ. MAŁOPOLSKIE",2024-05-10
131/23,"JMP SPIRITS Spółka z ograniczoną odpowiedzialnością",80-290,Gdańsk,"ul. Władysława Reymonta 16","WOJ. POMORSKIE",2024-05-04
132/23,"Destylarnia Sedina Spółka z ograniczoną odpowiedzialnością",72-010,Police,"ul. Tanowska 18/5A","WOJ. ZACHODNIOPOMORSKIE",2024-06-02
133/23,"JOT-Ł   Spółka z ograniczoną odpowiedzialnością",51-129,Wrocław,"ul. Żmigrodzka 249 ","WOJ. DOLNOŚLĄSKIE",2024-05-20
134/23,"Monolith Service Spółka z ograniczoną odpowiedzialnością","01-162 ",Warszawa,"ul. Św. Stanisława 1/268","WOJ. MAZOWIECKIE",2024-04-27
135/23,"BZOMEX Spółka z ograniczoną odpowiedzialnością Spółka komandytowa",32-432,PCIM,"Pcim 1","WOJ. MAŁOPOLSKIE",2024-06-14
136/23,"CRSEU Spólka z ograniczoną odpowiedzialnością",59-400,Jawor,"ul. Tadeusza Kościuszki 13D","WOJ. DOLNOŚLĄSKIE",2024-04-30
137/23,"Firma Handlowo-Usługowa   ""MIDAS""  Piotr Bobrzyk",05-300,"Mińsk Mazowiecki","ul. Franciszka Żwirki 12 A ","WOJ. MAZOWIECKIE",2024-04-30
138/23,"PR COMPANY Spółka z ograniczoną odpowiedzialnością",30-717,Kraków,"ul. Koszykarska 27B/22","WOJ. MAŁOPOLSKIE",2024-04-30
139/23,"Browary Regionalne Jakubiak Spółka z ograniczoną odpowiedzialnością",05-092,"Dziekanów Nowy","ul. Kolejowa 400","WOJ. MAZOWIECKIE",2024-05-15
140/23,"Destylernia Kamień Spółka z ograniczoną odpowiedzialnością",24-335,Łaziska,"Kamień 143","WOJ. LUBELSKIE",2024-05-31
141/23,"Wojciech Kieraś Przedsiębiorstwo Produkcyjno-Handlowo-Usługowe ""MARKUS""",98-100,Łask,"ul. Objazdowa 1B","WOJ. ŁÓDZKIE",2024-05-09
142/23,"MARANI 1915  Spółka z ograniczoną odpowiedzialnością",02-796,Warszawa,"ul. Wąwozowa nr 23, lok. U1 ","WOJ. MAZOWIECKIE",2024-05-14
143/23,"""Tenczynek Dystrybucja"" Spółka Akcyjna",20-113,Lublin,"ul. Archidiakońska 9","WOJ. LUBELSKIE",2024-05-09
144/23,"Mazurskie Miody  Bogdan Piasecki",11-034,Tomaszkowo,"ul. Pszczela 10","WOJ. WARMIŃSKO-MAZURSKIE",2024-06-02
145/23,"""BIG"" Spółka z ograniczoną odpowiedzialnością",82-300,Elbląg,"ul. Żuławska 15/C","WOJ. WARMIŃSKO-MAZURSKIE",2024-05-31
146/23,"BJC DISTRIBUTION  Spółka z ograniczoną odpowiedzialnością",02-869,Warszawa,"ul. Buszycka 5 ","WOJ. MAZOWIECKIE",2024-05-28
147/23,"Firma Handlowo-Usługowa   ""PATRO-MAG""   Spółka Cywilna  Aneta Racka-Dasiewicz, Arkadiusz Dasiewicz",09-460,"Mała Wieś","ul. Płońska 9F","WOJ. MAZOWIECKIE",2024-06-30
148/23,"Andrzej Kostyk  Przedsiębiorstwo Przemysłu Spirytusowego  ""Wódki Raciborskie""",47-400,Racibórz,"ul. Opawska 8 lok. 1 ","WOJ. ŚLĄSKIE",2024-05-31
149/23,"Black Watch Spirits Polska Społka z ograniczoną odpowiedzialnością",01-066,Warszawa,"ul. Klopot 4/58","WOJ. MAZOWIECKIE",2024-05-21
150/23,"""CARREFOUR POLSKA""  Spółka z ograniczoną odpowiedzialnością",03-734,Warszawa,"ul. Targowa 72 ","WOJ. MAZOWIECKIE",2024-07-09
151/23,"Przedsiębiorstwo Produkcyjno Handlowo Usługowe   ""SPECJAŁ""   Spółka z ograniczoną odpowiedzialnością",00-175,Warszawa,"Aleja Jana Pawła II 80 lok. 5 ","WOJ. MAZOWIECKIE",2024-06-23
152/23,"NO.1 BEVERAGES POLAND  Spółka z ograniczoną odpowiedzialnością",80-299,Gdańsk,"ul. Astronomów 14 ","WOJ. POMORSKIE",2024-06-27
153/23,"Przedsiębiorstwo Voyal Wojciechowski Jacek",58-508,Siedlęcin,"ul. Ogrodowa 27B","WOJ. DOLNOŚLĄSKIE",2024-05-31
154/23,"Hurtownia Owoców i Warzyw ""KOKOS""  Wiesław Razuwajew",06-100,Pułtusk,"ul. Mickiewicza  41/43 ","WOJ. MAZOWIECKIE",2024-06-10
155/23,"VAN PUR Spółka Akcyjna",37-111,Rakszawa,"Rakszawa 334","WOJ. PODKARPACKIE",2024-07-16
156/23,"""POLTREP""  Spółka Cywilna  Andrzej Wadowski, Barbara Wadowska, Mieczysław Wadowski",30-698,Kraków,"ul. Syreńskiego 19 A ","WOJ. MAŁOPOLSKIE",2024-06-30
157/23,"In-Out Bartłomiej Szajer",32-086,Węgrzce,"ul. Forteczna 1 A/109","WOJ. MAŁOPOLSKIE",2024-05-31
158/23,"Włodek Dawid - ""PH Włodek""",58-211,Uciechów,"ul. Piastowska 29","WOJ. DOLNOŚLĄSKIE",2024-05-20
159/23,"Eurofoods Gastro Spółka z ograniczoną odpowiedzialnością",05-850,"Ożarów Mazowiecki, Konotopa","ul. Rajdowa 11","WOJ. MAZOWIECKIE",2024-06-07
160/23,"WESTTRADE ALKOHOLE Spółka z ograniczoną odpowiedzialnością",83-207,Kokoszkowy,"ul. Lipowa 14","WOJ. POMORSKIE",2024-05-31
161/23,"HAVI LOGISTICS   Spółka z ograniczoną odpowiedzialnością",03-230,Warszawa,"ul. Daniszewska 25 ","WOJ. MAZOWIECKIE",2024-07-13
162/23,"BBSPIRITS Spółka z ograniczoną odpowiedzialnością",64-920,Piła,"ul. Krzywa 35","WOJ. WIELKOPOLSKIE",2024-06-20
163/23,"SPS HANDEL Spółka z ograniczoną odpowiedzialnością",02-390,Warszawa,"ul. Grójecka 194  lok. 91 ","WOJ. MAZOWIECKIE",2024-08-31
164/23,"VDV Spółka z ograniczoną odpowiedzialnością",04-853,Warszawa,"ul. Zagajnikowa 10","WOJ. MAZOWIECKIE",2024-06-14
165/23,"EUROSTOCK Spółka z  ograniczoną odpowiedzialnością",15-102,Białystok,"ul. Bitwy Białostockiej 5","WOJ. PODLASKIE",2024-06-19
166/23,"MORDO CORP Spółka z ograniczoną odpowiedzialnością",32-070,Czernichów,"ul. Wiślana 23","WOJ. MAŁOPOLSKIE",2024-06-19
167/23,"""ALEMBIK POLSKA""  Spółka Akcyjna",20-113,Lublin,"ul. Archidiakońska 9","WOJ. LUBELSKIE",2024-05-31
168/23,"BUH DISTILLERY  Spółka z ograniczoną odpowiedzialnością",20-113,Lublin,"ul. Archidiakońska 9","WOJ. LUBELSKIE",2024-05-31
169/23,"VIP  INVESTMENTS Spółka z ograniczoną odpowiedzialnością",80-299,Gdańsk,"ul. Koziorożca 33/6","WOJ. POMORSKIE",2024-06-12
170/23,"""EUROCASH"" SPÓŁKA  AKCYJNA",62-052,Komorniki,"ul. Wiśniowa 11 ","WOJ. WIELKOPOLSKIE",2024-06-14
171/23,"MS Krzysztof Miszczak Beata Miszczak Piotr Skotnicki Spółka Cywilna",55-200,Oława,"ul. Opolska 7","WOJ. DOLNOŚLĄSKIE",2024-06-11
172/23,"Oktan Energy - Wina  Spółka z ograniczoną odpowiedzialnością",70-606,Szczecin,"ul. Hryniewieckiego 1","WOJ. ZACHODNIOPOMORSKIE",2024-06-04
173/23,"Piotr Piskorski  Przedsiębiorstwo Produkcyjno-Usługowo-Handlowe",21-200,Parczew,"ul. Kolejowa 207 ","WOJ. LUBELSKIE",2024-06-30
174/23,"GRUPA  RADLER  Spółka z ograniczoną odpowiedzialnością",34-300,Żywiec,"ul. Jodłowa 73 ","WOJ. ŚLĄSKIE",2024-06-06
175/23,"AMBRA BRANDS Spólka z ograniczoną odpowiedzialnością",02-819,Warszawa,"ul. Puławska 336","WOJ. MAZOWIECKIE",2024-06-30
176/23,"UDH - UNITED DISTRIBUTION HOLDING  Spółłka z ograniczoną odpowiedzialnością Spółka komandytowo-akcyjna",60-267,Poznań,"ul. Józefa Rogalińskiego 13","WOJ. WIELKOPOLSKIE",2024-06-30
177/23,"Florencja Dystrybucja Spółka z ograniczoną odpowiedzialnoscią",20-306,Lublin,"ul. Firlejowska 2/1","WOJ. LUBELSKIE",2024-06-07
178/23,"CRIMSTON Spółka z ograniczoną odpowiedzialnością",02-017,Warszawa,"Aleje Jerozolimskie 123A","WOJ. MAZOWIECKIE",2024-07-20
179/23,"F.H. ""FUERTE"" Ewa Żak",32-700,Proszówki,"Proszówki 36","WOJ. MAŁOPOLSKIE",2024-06-13
180/23,"ALKOHOLE ŚWIATA  Spółka z ograniczoną odpowiedzialnością",11-600,Węgorzewo,"ul. Przemysłowa 7 a ","WOJ. WARMIŃSKO-MAZURSKIE",2024-06-17
181/23,"SCM   Spółka z ograniczoną odpowiedzialnością",00-828,Warszawa,"Al.  Jana Pawła II nr 11 ","WOJ. MAZOWIECKIE",2024-06-28
182/23,"""FOCZKA"" Tomasz Gąsiorek",32-020,Bodzanów,"Bodzanów 501","WOJ. MAŁOPOLSKIE",2024-06-30
183/23,"SPAR Spółka z ograniczoną odpowiedzialnością",60-476,Poznań,"ul. Druskienicka 12","WOJ. WIELKOPOLSKIE",2024-07-14
184/23,"""RADEX""  Spółka z ograniczoną odpowiedzialnością",42-133,"Węglowice, Puszczew","Puszczew 75","WOJ. ŚLĄSKIE",2024-06-30
185/23,"Sławomir Załęski Sklep Spożywczo-Przemysłowy-Delikatesy ""DELICJA""",07-410,Ostrołęka,"ul. Henryka Sienkiewicza 5","WOJ. MAZOWIECKIE",2024-07-24
186/23,"""MIREX"" Spółka z ograniczoną odpowiedzialnością",43-300,Bielsko-Biała,"ul. Witosa 10","WOJ. ŚLĄSKIE",2024-07-31
187/23,"Browar Toruński Toruń Spółka z ograniczoną odpowiedzialnością",87-100,Toruń,"ul. Kociewska 22","WOJ. KUJAWSKO-POMORSKIE",2024-07-02
188/23,"NETTO Spółka z ograniczoną odpowiedzialnością",73-108,Kobylanka,"Motaniec 30","WOJ. ZACHODNIOPOMORSKIE",2024-07-18
189/23,"B&W Premium Spirits Spółka z ograniczoną odpowiedzialnością",05-825,"Grodzisk Mazowiecki","ul. Graniczna 30","WOJ. MAZOWIECKIE",2024-07-29
190/23,"""ART-MAR""   A.Gozdowski M.Gozdowski K.Gozdowski  Spółka Jawna",09-500,Gostynin,"ul. Płocka 25 ","WOJ. MAZOWIECKIE",2024-07-22
191/23,"YOURA SPIRITS Spółka z ograniczoną odpowiedzialnością",30-714,Kraków,"ul. Gromadzka 24C","WOJ. MAŁOPOLSKIE",2024-06-30
192/23,"ARENA 2000 Spółka z ograniczoną odpowiedzialnością",87-300,Brodnica,"ul. Nad Drwęcą 15","WOJ. KUJAWSKO-POMORSKIE",2024-07-12
193/23,"""DICTADOR EUROPE"" Spółka z ograniczoną odpowiedzialnością",40-611,Katowice,"ul. Fabryczna 15","WOJ. ŚLĄSKIE",2024-07-11
194/23,"BJANEX  Spółka z ograniczoną odpowiedzialnością",16-400,Suwałki,"ul. Leśna 68","WOJ. PODLASKIE",2024-08-31
195/23,"GS TRZEBIATÓW Spółka z ograniczoną odpowiedzialnością",72-320,Trzebiatów,"ul. Rynek 2 ","WOJ. ZACHODNIOPOMORSKIE",2024-08-14
196/23,"MARCIN MŁODOŻENIEC",40-115,Katowice,"ul. Johna Baildona 20D/15","WOJ. ŚLĄSKIE",2024-07-31
197/23,"FARUTEX Spółka z ograniczoną odpowiedzialnością",70-807,Szczecin,"ul. Jesienna 4","WOJ. ZACHODNIOPOMORSKIE",2024-07-31
198/23,"REMBIS KARINA LIS",42-675,"Zbrosławice,  Ziemięcice","ul. Mikulczycka 41 ","WOJ. ŚLĄSKIE",2024-08-09
199/23,"WINE AVENUE Spółka z ograniczoną odpowiedzialnością",00-420,Warszawa,"ul. Szara 10/lok. 217","WOJ. MAZOWIECKIE",2024-08-06
200/23,"S.W. Spółka z ograniczoną odpowiedzialnością",62-002,"Suchy Las","ul. Klonowa 4","WOJ. WIELKOPOLSKIE",2024-07-31
202/23,"ARRIBA  Spółka z ograniczoną odpowiedzialnością",40-833,Katowice,"ul. Obroki 130","WOJ. ŚLĄSKIE",2024-07-31
203/23,"BORYS COMPANY Spółka Akcyjna",80-342,Gdańsk,"ul. Jelitkowska 25/lok. 4","WOJ. POMORSKIE",2024-07-31
204/23,"JARYSZ  Jadwiga Łukasiewicz",72-600,Świnoujście,"ul. Grunwaldzka 47 G","WOJ. ZACHODNIOPOMORSKIE",2024-08-01
205/23,"Świat Konesera Joanna Marchewka",43-300,Bielsko-Biała,"ul. Pięciu Stawów 4","WOJ. ŚLĄSKIE",2024-07-19
206/23,"""ALTI PLUS""  Spółka Akcyjna Spółka Komandytowo-Akcyjna",30-133,Kraków,"ul.  Juliusza Lea 213","WOJ. MAŁOPOLSKIE",2024-08-12
208/23,"IGUANA Górski, Kurek Spółka komandytowa",01-001,Warszawa,"Aleja Jana Pawła II 41A/15","WOJ. MAZOWIECKIE",2024-08-31
209/23,"Alkohole Serwis Spółka z ograniczoną odpowiedzialnością",93-232,Łódź,"ul. Lodowa 108","WOJ. ŁÓDZKIE",2024-07-31
210/23,"UNITED BEVERAGES Spółka Akcyjna",87-100,Toruń,"ul. Przelot 66","WOJ. KUJAWSKO-POMORSKIE",2024-08-22
211/23,"""AS""  S. Kempa P. Lenarczyk Spółka Jawna",78-200,Białogard,"ul. Malinowskiego 5 ","WOJ. ZACHODNIOPOMORSKIE",2024-08-13
212/23,"ORBICO Spółka z ograniczoną odpowiedzialnością",02-823,Warszawa,"ul. Salsy 2","WOJ. MAZOWIECKIE",2024-08-13
213/23,"DELUXE TRADE Spółka z ograniczoną odpowiedzialnością Spółka komandytowa",42-504,Będzin,"ul. Dąbrowska 207","WOJ. ŚLĄSKIE",2024-08-05
216/23,"ATO SPIRITS Spółka  z ograniczoną odpowiedzialnością",90-606,Łódź,"ul. 6 Sierpnia 1/3","WOJ. ŁÓDZKIE",2024-08-10
220/23,"LUX HOLDING GROUP Spółka z ograniczoną odpowiedzialnością",02-699,Warszawa,"ul. Kłobucka 23C/110","WOJ. MAZOWIECKIE",2024-08-31
223/23,"Darwina Property Spółka  zograniczoną odpowiedzialnością",02-796,Warszawa,"ul. Wąwozowa 6/48","WOJ. MAZOWIECKIE",2024-08-31
224/23,"FLOREK Teresa Florczyk",15-617,Białystok,"ul. Nowosielska 40d","WOJ. PODLASKIE",2024-08-31
225/23,"""SIEDLISKO""  Zdzisław Wilk",76-150,Darłowo,"Kopnica 8 ","WOJ. ZACHODNIOPOMORSKIE",2024-09-01
226/23,"WCD Spółka Akcyjna",53-659,Wrocław,"ul. gen. Władysława Sikorskiego 3/2","WOJ. DOLNOŚLĄSKIE",2024-08-28
227/23,"POLMOS ŻYRARDÓW   Spółka z ograniczoną odpowiedzialnością",96-300,Żyrardów,"ul. Mickiewicza 1-3 ","WOJ. MAZOWIECKIE",2024-08-31
228/23,"REVENDO Spółka z ograniczoną odpowiedzialnością",03-185,Warszawa,"ul. Myśliborska 21","WOJ. MAZOWIECKIE",2024-08-24
232/23,"Koneser Polska Spółka z ograniczoną odpowiedzialnością",83-200,"Starogard Gdański","Aleja Armii Krajowej 50","WOJ. POMORSKIE",2024-08-31
233/23,"Lumi Spirits Spółka z ograniczoną odpowiedzialnością",80-175,Gdańsk,"ul. Myśliwska 127B/12","WOJ. POMORSKIE",2024-08-31
234/23,"Dystrybucja Trade Spółka z ograniczoną odpowiedzialnością",01-424,Warszawa,"Aleja Prymasa Tysiąclecia 62","WOJ. MAZOWIECKIE",2024-08-31
236/23,"1979 Distillery Prosta Spółka Akcyjna",62-025,Kostrzyn,"ul. Akacjowa 1","WOJ. WIELKOPOLSKIE",2024-08-31
